{
    "level_id": "debug_0000",
    "player_loc": [
        -38.371768951416016,
        15.24304485321045,
        371.6275939941406
    ],
    "norm": [
        0.0,
        -1.0,
        0.0
    ],
    "exit": [
        748.010986328125,
        26.211484909057617,
        295.3344421386719
    ],
    "glowsticks": 4,
    "sprites": {
        "0": {
            "loc": [
                322.4179992675781,
                15.24304485321045,
                292.1763000488281
            ],
            "tex": "orb",
            "color": null,
            "intense": null,
            "collectible": true
        },
        "1": {
            "loc": [
                105.99249267578125,
                25.376949310302734,
                381.9308166503906
            ],
            "tex": "grass",
            "color": null,
            "intense": null,
            "collectible": false
        },
        "2": {
            "loc": [
                143.12539672851562,
                25.376949310302734,
                381.9308166503906
            ],
            "tex": "grass",
            "color": null,
            "intense": null,
            "collectible": false
        },
        "3": {
            "loc": [
                178.07400512695312,
                25.376949310302734,
                381.748779296875
            ],
            "tex": "grass",
            "color": null,
            "intense": null,
            "collectible": false
        },
        "4": {
            "loc": [
                51.20326232910156,
                25.376949310302734,
                381.2027282714844
            ],
            "tex": "grass",
            "color": null,
            "intense": null,
            "collectible": false
        },
        "5": {
            "loc": [
                468.4372863769531,
                28.946247100830078,
                255.9022674560547
            ],
            "tex": null,
            "color": [
                0.9496692419052124,
                1.0,
                0.3634074628353119
            ],
            "intense": 1.0,
            "collectible": false
        },
        "6": {
            "loc": [
                22.512826919555664,
                22.11371612548828,
                261.3035583496094
            ],
            "tex": null,
            "color": [
                0.9496692419052124,
                1.0,
                0.3634074628353119
            ],
            "intense": 1.0,
            "collectible": false
        },
        "7": {
            "loc": [
                -33.85539627075195,
                -3.898439407348633,
                396.2118225097656
            ],
            "tex": null,
            "color": [
                0.9496692419052124,
                1.0,
                0.3634074628353119
            ],
            "intense": 1.0,
            "collectible": false
        },
        "8": {
            "loc": [
                139.43492126464844,
                22.11372184753418,
                398.19378662109375
            ],
            "tex": null,
            "color": [
                0.9496692419052124,
                1.0,
                0.3634074628353119
            ],
            "intense": 1.0,
            "collectible": false
        },
        "9": {
            "loc": [
                265.30322265625,
                22.11372184753418,
                396.9717712402344
            ],
            "tex": null,
            "color": [
                0.9496692419052124,
                1.0,
                0.3634074628353119
            ],
            "intense": 1.0,
            "collectible": false
        },
        "10": {
            "loc": [
                498.9538879394531,
                22.11372184753418,
                393.0613098144531
            ],
            "tex": null,
            "color": [
                0.9496692419052124,
                1.0,
                0.3634074628353119
            ],
            "intense": 1.0,
            "collectible": false
        },
        "11": {
            "loc": [
                747.7994995117188,
                22.113719940185547,
                294.2250061035156
            ],
            "tex": null,
            "color": [
                1.0,
                0.0,
                0.003012194065377116
            ],
            "intense": 1.0,
            "collectible": false
        }
    },
    "collision_mesh": "meshes/debug/debug_0000_col.obj",
    "render_mesh": "meshes/debug/debug_0000_dec.obj"
}