{
    "level_id": "final_0001",
    "player_loc": [
        88.37867260057465,
        -54.07980758667691,
        -208.77813565261022
    ],
    "norm": [
        -0.4472135901451111,
        -0.8944271802902222,
        0.0
    ],
    "exit": [
        267.10515988037514,
        65.25016469037837,
        -212.51579420691996
    ],
    "glowsticks": 4,
    "shade_depth": 20,
    "shade_color": [
        0.010632873512804508,
        0.021350648254156113,
        0.08249522745609283
    ],
    "ambient_color": [
        1.0,
        0.7435944080352783,
        0.7568179965019226,
        1.0
    ],
    "cutline_color": [
        1.0,
        0.0,
        0.002063981955870986
    ],
    "cutfill_color": [
        1.0,
        0.0,
        0.04764620214700699
    ],
    "bg_color": [
        1.0,
        0.23626849055290222,
        0.0
    ],
    "bg_image": "grey_background",
    "sprites": {
        "0": {
            "loc": [
                -92.73959163007021,
                -30.438599995884488,
                -212.32556289065542
            ],
            "tex": "glow_cube",
            "scale": 1.0,
            "norm": [
                0.0,
                0.0,
                1.0
            ],
            "collectible": true,
            "billboard": true,
            "emissive": false,
            "color": null,
            "intense": null,
            "radius": null,
            "pulse": null
        },
        "1": {
            "loc": [
                -219.83954119170448,
                17.892636405774738,
                -153.21966143315876
            ],
            "tex": "glow_cube",
            "scale": 1.0,
            "norm": [
                0.0,
                0.0,
                1.0
            ],
            "collectible": true,
            "billboard": true,
            "emissive": false,
            "color": null,
            "intense": null,
            "radius": null,
            "pulse": null
        }
    },
    "sounds": {},
    "collision_mesh": "meshes/final/final_0001_col.obj",
    "render_mesh": "meshes/final/final_0001_dec.obj",
    "triggers": {}
}