{
    "level_id": "final_0000",
    "player_loc": [
        104.83236233519165,
        369.0826341672073,
        -138.471338915042
    ],
    "norm": [
        -1.0,
        0.0,
        0.0
    ],
    "exit": [
        87.48540862577102,
        -46.04945242773738,
        -216.58720061275744
    ],
    "glowsticks": 4,
    "shade_depth": 20,
    "shade_color": [
        0.010632873512804508,
        0.021350648254156113,
        0.08249522745609283
    ],
    "ambient_color": [
        1.0,
        0.7435944080352783,
        0.7568179965019226,
        0.3
    ],
    "cutline_color": [
        1.0,
        0.0,
        0.002063981955870986
    ],
    "cutfill_color": [
        1.0,
        0.0,
        0.04764620214700699
    ],
    "bg_color": [
        1.0,
        0.23626849055290222,
        0.0
    ],
    "bg_image": "grey_background",
    "sprites": {},
    "sounds": {},
    "collision_mesh": "meshes/final/final_0000_col.obj",
    "render_mesh": "meshes/final/final_0000_dec.obj",
    "triggers": {}
}
