{
    "level_id": "final_0003",
    "player_loc": [
        -186.09708790056175,
        -75.93802555018101,
        -81.51967321837219
    ],
    "norm": [
        -0.5038710832595825,
        0.8637789487838745,
        0.0
    ],
    "exit": [
        -70.47683457312814,
        -121.25040601398723,
        -129.7812688907743
    ],
    "glowsticks": 4,
    "shade_depth": 20,
    "shade_color": [
        0.010632873512804508,
        0.021350648254156113,
        0.08249522745609283
    ],
    "ambient_color": [
        1.0,
        0.7435944080352783,
        0.7568179965019226,
        1.0
    ],
    "cutline_color": [
        1.0,
        0.0,
        0.002063981955870986
    ],
    "cutfill_color": [
        1.0,
        0.0,
        0.04764620214700699
    ],
    "bg_color": [
        1.0,
        0.23626849055290222,
        0.0
    ],
    "bg_image": "grey_background",
    "sprites": {
        "0": {
            "loc": [
                0.293957222646668,
                1.9825614201999997,
                -211.8249311951513
            ],
            "tex": "hypercube",
            "scale": 1.0,
            "norm": [
                0.0,
                0.0,
                1.0
            ],
            "collectible": false,
            "billboard": true,
            "emissive": true,
            "color": null,
            "intense": null,
            "radius": null,
            "pulse": null
        },
        "1": {
            "loc": [
                0.293957222646668,
                1.9825614201999997,
                -211.8249311951513
            ],
            "tex": null,
            "scale": null,
            "norm": null,
            "collectible": false,
            "billboard": false,
            "emissive": false,
            "color": [
                1.0,
                0.0048027923330664635,
                0.0
            ],
            "intense": 2.0,
            "radius": 0.0,
            "pulse": 3458.646535873413
        }
    },
    "sounds": {},
    "collision_mesh": "meshes/final/final_0003_col.obj",
    "render_mesh": "meshes/final/final_0003_dec.obj",
    "triggers": {}
}