{
    "level_id": "final_0002",
    "player_loc": [
        276.15215661884577,
        35.72218554121946,
        -194.38052112944206
    ],
    "norm": [
        0.8944271802902222,
        -0.4472135901451111,
        0.0
    ],
    "exit": [
        -181.93699283830938,
        -94.43594319138356,
        -87.64846403971205
    ],
    "glowsticks": 4,
    "shade_depth": 20,
    "shade_color": [
        0.010632873512804508,
        0.021350648254156113,
        0.08249522745609283
    ],
    "ambient_color": [
        1.0,
        0.7435944080352783,
        0.7568179965019226,
        1.0
    ],
    "cutline_color": [
        1.0,
        0.0,
        0.002063981955870986
    ],
    "cutfill_color": [
        1.0,
        0.0,
        0.04764620214700699
    ],
    "bg_color": [
        1.0,
        0.23626849055290222,
        0.0
    ],
    "bg_image": "grey_background",
    "sprites": {},
    "sounds": {},
    "collision_mesh": "meshes/final/final_0002_col.obj",
    "render_mesh": "meshes/final/final_0002_dec.obj",
    "triggers": {}
}