{
    "level_id": "First_Level_0000",
    "player_loc": [
        -38.371768951416016,
        15.24304485321045,
        371.6275939941406
    ],
    "norm": [
        0,
        -10,
        0
    ],
    "exit": [
        748.010986328125,
        26.211484909057617,
        279.7332458496094
    ],
    "glowsticks": 4,
    "col": {},
    "deco": {},
    "mesh": "meshes/pack_debugging/First_Level_0000_col_0000.obj",
    "deco_mesh": []
}