{
    "level_id": "First_Level_0000",
    "player_loc": [
        -36.47117614746094,
        23.93958282470703,
        343.06915283203125
    ],
    "norm": [
        0,
        -10,
        0
    ],
    "exit": [
        340.66387939453125,
        26.21148681640625,
        308.4295349121094
    ],
    "glowsticks": 4,
    "col": {},
    "deco": {},
    "mesh": "meshes/pack_debugging/First_Level_0000_col_0000.obj",
    "deco_mesh": []
}