{
    "level_id": "lab_0003",
    "player_loc": [
        -4.0,
        -42.47842025756836,
        104.0
    ],
    "norm": [
        -1.0,
        0.0,
        0.0
    ],
    "exit": [
        325.65655517578125,
        0.06973910331726074,
        -136.59889221191406
    ],
    "glowsticks": 0,
    "shade_depth": 30,
    "shade_color": [
        0.028955690562725067,
        0.0,
        0.000467849982669577
    ],
    "ambient_color": [
        1.0,
        0.5,
        0.5,
        0.4000000059604645
    ],
    "cutline_color": [
        0.0,
        1.0,
        0.0
    ],
    "cutfill_color": [
        1.0,
        1.0,
        1.0
    ],
    "bg_color": [
        0.0038262885063886642,
        0.024506382644176483,
        0.06779468059539795
    ],
    "bg_image": "supercoolspace",
    "sprites": {
        "0": {
            "loc": [
                192.1004638671875,
                92.45258331298828,
                104.0
            ],
            "tex": "orb",
            "scale": 1.0,
            "norm": [
                0.0,
                -1.0,
                0.0
            ],
            "collectible": true,
            "billboard": true,
            "emissive": false,
            "color": null,
            "intense": null,
            "radius": null
        },
        "1": {
            "loc": [
                192.1004638671875,
                92.45258331298828,
                104.0
            ],
            "tex": "orb",
            "scale": 1.0,
            "norm": [
                0.0,
                -1.0,
                0.0
            ],
            "collectible": true,
            "billboard": true,
            "emissive": true,
            "color": null,
            "intense": null,
            "radius": null
        },
        "2": {
            "loc": [
                -88.0,
                -1.9999847412109375,
                -19.999954223632812
            ],
            "tex": "alarm",
            "scale": -1.100000262260437,
            "norm": [
                0.0,
                1.0,
                0.0
            ],
            "collectible": false,
            "billboard": true,
            "emissive": false,
            "color": null,
            "intense": null,
            "radius": null
        },
        "3": {
            "loc": [
                38.0,
                -1.9999847412109375,
                -63.99993896484375
            ],
            "tex": "lightning",
            "scale": 11.520003318786621,
            "norm": [
                0.0,
                -1.0,
                0.0
            ],
            "collectible": false,
            "billboard": true,
            "emissive": false,
            "color": null,
            "intense": null,
            "radius": null
        },
        "4": {
            "loc": [
                38.0,
                -1.5999755859375,
                -119.99993896484375
            ],
            "tex": "lightning_flip",
            "scale": 11.520003318786621,
            "norm": [
                0.0,
                1.0,
                0.0
            ],
            "collectible": false,
            "billboard": true,
            "emissive": false,
            "color": null,
            "intense": null,
            "radius": null
        },
        "5": {
            "loc": [
                -3.8350830078125,
                -71.37870788574219,
                100.0
            ],
            "tex": "orb",
            "scale": 1.0,
            "norm": [
                0.0,
                -1.0,
                0.0
            ],
            "collectible": false,
            "billboard": true,
            "emissive": true,
            "color": null,
            "intense": null,
            "radius": null
        },
        "6": {
            "loc": [
                -88.53839111328125,
                39.800018310546875,
                -36.70800018310547
            ],
            "tex": "caution",
            "scale": 5.000000953674316,
            "norm": [
                0.0,
                -1.0,
                0.0
            ],
            "collectible": false,
            "billboard": false,
            "emissive": false,
            "color": null,
            "intense": null,
            "radius": null
        },
        "7": {
            "loc": [
                119.5999984741211,
                102.0,
                -115.99993896484375
            ],
            "tex": "caution",
            "scale": 5.000000953674316,
            "norm": [
                -1.0,
                0.0,
                0.0
            ],
            "collectible": false,
            "billboard": false,
            "emissive": false,
            "color": null,
            "intense": null,
            "radius": null
        },
        "8": {
            "loc": [
                -132.4000244140625,
                26.00002098083496,
                -59.99995422363281
            ],
            "tex": "caution",
            "scale": 5.000000953674316,
            "norm": [
                -1.0,
                0.0,
                0.0
            ],
            "collectible": false,
            "billboard": false,
            "emissive": false,
            "color": null,
            "intense": null,
            "radius": null
        },
        "9": {
            "loc": [
                -88.0,
                -39.399986267089844,
                -43.99994659423828
            ],
            "tex": "biohazrd",
            "scale": 4.000000953674316,
            "norm": [
                0.0,
                1.0,
                0.0
            ],
            "collectible": false,
            "billboard": false,
            "emissive": false,
            "color": null,
            "intense": null,
            "radius": null
        },
        "10": {
            "loc": [
                -3.8350830078125,
                -71.37870788574219,
                100.0
            ],
            "tex": "orb",
            "scale": 1.0,
            "norm": [
                0.0,
                -1.0,
                0.0
            ],
            "collectible": false,
            "billboard": false,
            "emissive": true,
            "color": null,
            "intense": null,
            "radius": null
        },
        "11": {
            "loc": [
                -48.0,
                4.0000152587890625,
                44.00006103515625
            ],
            "tex": null,
            "scale": null,
            "norm": null,
            "collectible": false,
            "billboard": false,
            "emissive": false,
            "color": [
                1.0,
                0.0028918308671563864,
                0.0
            ],
            "intense": 0.2,
            "radius": 0.0
        },
        "12": {
            "loc": [
                124.0,
                4.0000152587890625,
                48.00006103515625
            ],
            "tex": null,
            "scale": null,
            "norm": null,
            "collectible": false,
            "billboard": false,
            "emissive": false,
            "color": [
                1.0,
                0.0028918308671563864,
                0.0
            ],
            "intense": 0.2,
            "radius": 0.0
        },
        "13": {
            "loc": [
                108.0,
                4.0000152587890625,
                148.0
            ],
            "tex": null,
            "scale": null,
            "norm": null,
            "collectible": false,
            "billboard": false,
            "emissive": false,
            "color": [
                1.0,
                0.0028918308671563864,
                0.0
            ],
            "intense": 0.2,
            "radius": 0.0
        },
        "14": {
            "loc": [
                -40.0,
                4.0000152587890625,
                128.0
            ],
            "tex": null,