{
    "level_id": "lab_0003",
    "player_loc": [
        96.5446548461914,
        -348.0,
        120.0
    ],
    "norm": [
        -1.0,
        0.0,
        0.0
    ],
    "exit": [
        -4.0,
        -42.47842025756836,
        104.0
    ],
    "glowsticks": 0,
    "shade_depth": 30,
    "shade_color": [
        0.028955690562725067,
        0.0,
        0.000467849982669577
    ],
    "ambient_color": [
        0.6809903979301453,
        0.026647865772247314,
        0.010253485292196274,
        0.30000001192092896
    ],
    "cutline_color": [
        0.0,
        1.0,
        0.0
    ],
    "cutfill_color": [
        0.0,
        0.009999999776482582,
        0.0
    ],
    "bg_color": [
        0.0038262885063886642,
        0.024506382644176483,
        0.06779468059539795
    ],
    "bg_image": "supercoolspace",
    "sprites": {
        "0": {
            "loc": [
                0.0,
                -220.0,
                104.0
            ],
            "tex": "orb",
            "scale": 1.0,
            "norm": [
                0.0,
                -1.0,
                0.0
            ],
            "collectible": true,
            "billboard": true,
            "emissive": false,
            "color": [
                1.0,
                0.0002727329556364566,
                0.0
            ],
            "intense": 2.0,
            "radius": 0.0,
            "pulse": null
        },
        "1": {
            "loc": [
                -48.0,
                4.0000152587890625,
                44.00006103515625
            ],
            "tex": null,
            "scale": null,
            "norm": null,
            "collectible": false,
            "billboard": false,
            "emissive": false,
            "color": [
                1.0,
                0.0028918308671563864,
                0.0
            ],
            "intense": 2.0,
            "radius": 0.0,
            "pulse": null
        },
        "2": {
            "loc": [
                124.0,
                4.0000152587890625,
                48.00006103515625
            ],
            "tex": null,
            "scale": null,
            "norm": null,
            "collectible": false,
            "billboard": false,
            "emissive": false,
            "color": [
                1.0,
                0.0028918308671563864,
                0.0
            ],
            "intense": 2.0,
            "radius": 0.0,
            "pulse": null
        },
        "3": {
            "loc": [
                108.0,
                4.0000152587890625,
                148.0
            ],
            "tex": null,
            "scale": null,
            "norm": null,
            "collectible": false,
            "billboard": false,
            "emissive": false,
            "color": [
                1.0,
                0.0028918308671563864,
                0.0
            ],
            "intense": 2.0,
            "radius": 0.0,
            "pulse": null
        },
        "4": {
            "loc": [
                -40.0,
                4.0000152587890625,
                128.0
            ],
            "tex": null,
            "scale": null,
            "norm": null,
            "collectible": false,
            "billboard": false,
            "emissive": false,
            "color": [
                1.0,
                0.0028918308671563864,
                0.0
            ],
            "intense": 2.0,
            "radius": 0.0,
            "pulse": null
        },
        "5": {
            "loc": [
                248.0,
                1.52587890625e-05,
                -103.99993896484375
            ],
            "tex": null,
            "scale": null,
            "norm": null,
            "collectible": false,
            "billboard": false,
            "emissive": false,
            "color": [
                1.0,
                0.0028918308671563864,
                0.0
            ],
            "intense": 2.0,
            "radius": 0.0,
            "pulse": null
        },
        "6": {
            "loc": [
                204.0,
                76.0,
                100.0
            ],
            "tex": null,
            "scale": null,
            "norm": null,
            "collectible": false,
            "billboard": false,
            "emissive": false,
            "color": [
                1.0,
                0.0028918308671563864,
                0.0
            ],
            "intense": 2.0,
            "radius": 0.0,
            "pulse": null
        },
        "7": {
            "loc": [
                248.0,
                176.0,
                -47.99994659423828
            ],
            "tex": null,
            "scale": null,
            "norm": null,
            "collectible": false,
            "billboard": false,
            "emissive": false,
            "color": [
                1.0,
                0.0028918308671563864,
                0.0
            ],
            "intense": 2.0,
            "radius": 0.0,
            "pulse": null
        },
        "8": {
            "loc": [
                248.0,
                72.0,
                -7.99993896484375
            ],
            "tex": null,
            "scale": null,
            "norm": null,
            "collectible": false,
            "billboard": false,
            "emissive": false,
            "color": [
                1.0,
                0.0028918308671563864,
                0.0
            ],
            "intense": 2.0,
            "radius": 0.0,
            "pulse": null
        },
        "9": {
            "loc": [
                248.0,
                176.0,
                -139.99993896484375
            ],
            "tex": null,
            "scale": null,
            "norm": null,
            "collectible": false,
            "billboard": false,
            "emissive": false,
            "color": [
                1.0,
                0.0028918308671563864,
                0.0
            ],
            "intense": 2.0,
            "radius": 0.0,
            "pulse": null
        },
        "10": {
            "loc": [
                248.0,
                72.0,
                -95.99993896484375
            ],
            "tex": null,
            "scale": null,
            "norm": null,
            "collectible": false,
            "billboard": false,
            "emissive": false,
            "color": [
                1.0,
                0.0028918308671563864,
                0.0
            ],
            "intense": 2.0,
            "radius": 0.0,
            "pulse": null
        },
        "11": {
            "loc": [
                120.0,
                200.0,
                136.0
            ],
            "tex": null,
            "scale": null,
            "norm": null,
            "collectible": false,
            "billboard": false,
            "emissive": false,
            "color": [
                1.0,
                0.0028918308671563864,
                0.0
            ],
            "intense": 2.0,
            "radius": 0.0,
            "pulse": null
        },
        "12": {
            "loc": [
                -76.0,
                180.0,
                120.0
            ],
            "tex": null,
            "scale": null,
            "norm": null,
            "collectible": false,
            "billboard": false,
            "emissive": false,
            "color": [
                1.0,
                0.0028918308671563864,
                0.0
            ],
            "intense": 2.0,
            "radius": 0.0,
            "pulse": null
        },
        "13": {
            "loc": [
                0.0,
                -168.0,
                88.0
            ],
            "tex": null,
            "scale": null,
            "norm": null,
            "collectible": false,
            "billboard": false,
            "emissive": false,