{
    "level_id": "lab_0001",
    "player_loc": [
        76.53346252441406,
        -1.9999847412109375,
        -148.0
    ],
    "norm": [
        0.0,
        -1.0,
        0.0
    ],
    "exit": [
        96.5446548461914,
        -348.0,
        120.0
    ],
    "glowsticks": 0,
    "shade_depth": 20,
    "shade_color": [
        0.0038262885063886642,
        0.024506382644176483,
        0.06779468059539795
    ],
    "ambient_color": [
        1.0,
        0.5,
        0.5,
        0.4000000059604645
    ],
    "cutline_color": [
        0.0,
        1.0,
        0.0
    ],
    "cutfill_color": [
        1.0,
        1.0,
        1.0
    ],
    "bg_color": [
        0.0038262885063886642,
        0.024506382644176483,
        0.06779468059539795
    ],
    "bg_image": "supercoolspace",
    "sprites": {
        "0": {
            "loc": [
                204.0,
                76.0,
                100.0
            ],
            "tex": "orb",
            "scale": 1.0,
            "norm": [
                0.0,
                -1.0,
                0.0
            ],
            "collectible": true,
            "billboard": true,
            "emissive": false,
            "color": null,
            "intense": null,
            "radius": null
        },
        "1": {
            "loc": [
                -43.547340393066406,
                171.69879150390625,
                100.0
            ],
            "tex": "orb",
            "scale": 1.0,
            "norm": [
                0.0,
                -1.0,
                0.0
            ],
            "collectible": true,
            "billboard": true,
            "emissive": false,
            "color": null,
            "intense": null,
            "radius": null
        },
        "2": {
            "loc": [
                -88.0,
                -1.9999847412109375,
                -19.999954223632812
            ],
            "tex": "alarm",
            "scale": -1.100000262260437,
            "norm": [
                0.0,
                1.0,
                0.0
            ],
            "collectible": false,
            "billboard": true,
            "emissive": false,
            "color": null,
            "intense": null,
            "radius": null
        },
        "3": {
            "loc": [
                38.0,
                -1.9999847412109375,
                -63.99993896484375
            ],
            "tex": "lightning",
            "scale": 11.520003318786621,
            "norm": [
                0.0,
                -1.0,
                0.0
            ],
            "collectible": false,
            "billboard": true,
            "emissive": false,
            "color": null,
            "intense": null,
            "radius": null
        },
        "4": {
            "loc": [
                38.0,
                -1.5999755859375,
                -119.99993896484375
            ],
            "tex": "lightning_flip",
            "scale": 11.520003318786621,
            "norm": [
                0.0,
                1.0,
                0.0
            ],
            "collectible": false,
            "billboard": true,
            "emissive": false,
            "color": null,
            "intense": null,
            "radius": null
        }
    },
    "sounds": {},
    "collision_mesh": "meshes/lab/lab_0001_col.obj",
    "render_mesh": "meshes/lab/lab_0001_dec.obj",
    "triggers": {
        "0": {
            "type": "DEATH",
            "mesh": "meshes/lab/lab_0001_death_0000.obj",
            "image": null,
            "message": null
        },
        "1": {
            "type": "DEATH",
            "mesh": "meshes/lab/lab_0001_death_0001.obj",
            "image": null,
            "message": null
        },
        "2": {
            "type": "MESSAGE",
            "mesh": "meshes/lab/lab_0001_message_0000.obj",
            "image": null,
            "message": "THE REACTOR! IT'S DESTROYED!\nMAYBE I CAN FIX IT.\nI'LL NEED TO GET TO MY OFFICE"
        },
        "3": {
            "type": "MESSAGE",
            "mesh": "meshes/lab/lab_0001_message_0002.obj",
            "image": null,
            "message": "I'LL NEED MY KEY CARD FIRST\nIT'S IN MY OFFICE"
        },
        "4": {
            "type": "MESSAGE",
            "mesh": "meshes/lab/lab_0001_message_0004.obj",
            "image": null,
            "message": "GREAT! LETS GO GET MY TOOLS"
        },
        "5": {
            "type": "EXITREGION",
            "mesh": "meshes/lab/lab_0001_exitregion_0000.obj",
            "image": null,
            "message": null
        }
    }
}
