{
    "level_id": "lab_0000",
    "player_loc": [
        -88.0,
        -1.9999847412109375,
        -65.79129028320312
    ],
    "norm": [
        0.0,
        -1.0,
        0.0
    ],
    "exit": [
        76.53346252441406,
        -1.9999847412109375,
        -148.0
    ],
    "glowsticks": 0,
    "shade_depth": 20,
    "shade_color": [
        0.0038262885063886642,
        0.024506382644176483,
        0.06779468059539795
    ],
    "ambient_color": [
        1.0,
        0.5,
        0.5,
        0.4000000059604645
    ],
    "cutline_color": [
        0.0,
        1.0,
        0.0
    ],
    "cutfill_color": [
        1.0,
        1.0,
        1.0
    ],
    "bg_color": [
        0.0038262885063886642,
        0.024506382644176483,
        0.06779468059539795
    ],
    "bg_image": "supercoolspace",
    "sprites": {
        "0": {
            "loc": [
                -160.0,
                -1.9999847412109375,
                -67.99993896484375
            ],
            "tex": "orb",
            "scale": 1.0,
            "norm": [
                0.0,
                -1.0,
                0.0
            ],
            "collectible": true,
            "billboard": true,
            "emissive": false,
            "color": null,
            "intense": null,
            "radius": null
        },
        "1": {
            "loc": [
                -88.0,
                -1.9999847412109375,
                -19.999954223632812
            ],
            "tex": "alarm",
            "scale": -1.100000262260437,
            "norm": [
                0.0,
                1.0,
                0.0
            ],
            "collectible": false,
            "billboard": true,
            "emissive": false,
            "color": null,
            "intense": null,
            "radius": null
        },
        "2": {
            "loc": [
                38.0,
                -1.9999847412109375,
                -63.99993896484375
            ],
            "tex": "lightning",
            "scale": 11.520003318786621,
            "norm": [
                0.0,
                -1.0,
                0.0
            ],
            "collectible": false,
            "billboard": true,
            "emissive": false,
            "color": null,
            "intense": null,
            "radius": null
        },
        "3": {
            "loc": [
                38.0,
                -1.5999755859375,
                -119.99993896484375
            ],
            "tex": "lightning_flip",
            "scale": 11.520003318786621,
            "norm": [
                0.0,
                1.0,
                0.0
            ],
            "collectible": false,
            "billboard": true,
            "emissive": false,
            "color": null,
            "intense": null,
            "radius": null
        }
    },
    "sounds": {},
    "collision_mesh": "meshes/lab/lab_0000_col.obj",
    "render_mesh": "meshes/lab/lab_0000_dec.obj",
    "triggers": {
        "0": {
            "type": "DEATH",
            "mesh": "meshes/lab/lab_0000_death_0000.obj",
            "image": null,
            "message": null
        },
        "1": {
            "type": "DEATH",
            "mesh": "meshes/lab/lab_0000_death_0001.obj",
            "image": null,
            "message": null
        },
        "2": {
            "type": "POPUP",
            "mesh": "meshes/lab/lab_0000_popup_0000.obj",
            "image": "tutorial_rotate",
            "message": null
        },
        "3": {
            "type": "POPUP",
            "mesh": "meshes/lab/lab_0000_popup_0001.obj",
            "image": "tutorial_rotate",
            "message": null
        },
        "4": {
            "type": "MESSAGE",
            "mesh": "meshes/lab/lab_0000_message_0000.obj",
            "image": null,
            "message": "I NEED TO GET DOWN TO THE REACTOR!"
        },
        "5": {
            "type": "EXITREGION",
            "mesh": "meshes/lab/lab_0000_exitregion_0000.obj",
            "image": null,
            "message": null
        }
    }
}
