{
    "level_id": "lab_0001",
    "player_loc": [
        76.53346252441406,
        -1.9999847412109375,
        -148.0
    ],
    "norm": [
        0.0,
        -1.0,
        0.0
    ],
    "exit": [
        96.5446548461914,
        -348.0,
        120.0
    ],
    "glowsticks": 0,
    "shade_depth": 19,
    "shade_color": [
        0.028955690562725067,
        0.0,
        0.000467849982669577
    ],
    "ambient_color": [
        1.0,
        0.013367974199354649,
        0.0004159600066486746,
        0.18000000715255737
    ],
    "cutline_color": [
        0.0,
        1.0,
        0.0
    ],
    "cutfill_color": [
        0.0,
        0.39609238505363464,
        0.0
    ],
    "bg_color": [
        0.0038262885063886642,
        0.024506382644176483,
        0.06779468059539795
    ],
    "bg_image": "supercoolspace",
    "sprites": {
        "0": {
            "loc": [
                204.0,
                76.0,
                100.0
            ],
            "tex": "orb",
            "scale": 1.0,
            "norm": [
                0.0,
                -1.0,
                0.0
            ],
            "collectible": true,
            "billboard": true,
            "emissive": false,
            "color": null,
            "intense": null,
            "radius": null,
            "pulse": null
        },
        "1": {
            "loc": [
                -43.547340393066406,
                171.69879150390625,
                100.0
            ],
            "tex": "orb",
            "scale": 1.0,
            "norm": [
                0.0,
                -1.0,
                0.0
            ],
            "collectible": true,
            "billboard": true,
            "emissive": false,
            "color": null,
            "intense": null,
            "radius": null,
            "pulse": null
        },
        "2": {
            "loc": [
                36.920074462890625,
                -1.9999885559082031,
                -83.16194152832031
            ],
            "tex": "hypercube",
            "scale": 1.0,
            "norm": [
                0.0,
                -1.0,
                0.0
            ],
            "collectible": false,
            "billboard": true,
            "emissive": true,
            "color": null,
            "intense": null,
            "radius": null,
            "pulse": null
        },
        "3": {
            "loc": [
                -48.0,
                4.0000152587890625,
                44.00006103515625
            ],
            "tex": null,
            "scale": null,
            "norm": null,
            "collectible": false,
            "billboard": false,
            "emissive": false,
            "color": [
                1.0,
                1.0,
                1.0
            ],
            "intense": 0.5,
            "radius": 0.0,
            "pulse": null
        },
        "4": {
            "loc": [
                124.0,
                4.0000152587890625,
                48.00006103515625
            ],
            "tex": null,
            "scale": null,
            "norm": null,
            "collectible": false,
            "billboard": false,
            "emissive": false,
            "color": [
                1.0,
                1.0,
                1.0
            ],
            "intense": 0.5,
            "radius": 0.0,
            "pulse": null
        },
        "5": {
            "loc": [
                108.0,
                4.0000152587890625,
                148.0
            ],
            "tex": null,
            "scale": null,
            "norm": null,
            "collectible": false,
            "billboard": false,
            "emissive": false,
            "color": [
                1.0,
                1.0,
                1.0
            ],
            "intense": 0.5,
            "radius": 0.0,
            "pulse": null
        },
        "6": {
            "loc": [
                -40.0,
                4.0000152587890625,
                128.0
            ],
            "tex": null,
            "scale": null,
            "norm": null,
            "collectible": false,
            "billboard": false,
            "emissive": false,
            "color": [
                1.0,
                1.0,
                1.0
            ],
            "intense": 0.5,
            "radius": 0.0,
            "pulse": null
        },
        "7": {
            "loc": [
                248.0,
                1.52587890625e-05,
                -103.99993896484375
            ],
            "tex": null,
            "scale": null,
            "norm": null,
            "collectible": false,
            "billboard": false,
            "emissive": false,
            "color": [
                1.0,
                1.0,
                1.0
            ],
            "intense": 0.5,
            "radius": 0.0,
            "pulse": null
        },
        "8": {
            "loc": [
                204.0,
                76.0,
                100.0
            ],
            "tex": null,
            "scale": null,
            "norm": null,
            "collectible": false,
            "billboard": false,
            "emissive": false,
            "color": [
                0.8674519062042236,
                1.0,
                0.07272271811962128
            ],
            "intense": 0.5,
            "radius": 0.0,
            "pulse": null
        },
        "9": {
            "loc": [
                248.0,
                176.0,
                -47.99994659423828
            ],
            "tex": null,
            "scale": null,
            "norm": null,
            "collectible": false,
            "billboard": false,
            "emissive": false,
            "color": [
                1.0,
                0.0,
                0.0037951183039695024
            ],
            "intense": 0.5,
            "radius": 0.0,
            "pulse": null
        },
        "10": {
            "loc": [
                248.0,
                72.0,
                -7.99993896484375
            ],
            "tex": null,
            "scale": null,
            "norm": null,
            "collectible": false,
            "billboard": false,
            "emissive": false,
            "color": [
                1.0,
                0.0,
                0.0037951183039695024
            ],
            "intense": 0.5,
            "radius": 0.0,
            "pulse": null
        },
        "11": {
            "loc": [
                248.0,
                176.0,
                -139.99993896484375
            ],
            "tex": null,
            "scale": null,
            "norm": null,
            "collectible": false,
            "billboard": false,
            "emissive": false,
            "color": [
                1.0,
                0.0,
                0.0037951183039695024
            ],
            "intense": 0.5,
            "radius": 0.0,
            "pulse": null
        },
        "12": {
            "loc": [
                248.0,
                72.0,
                -95.99993896484375
            ],
            "tex": null,
            "scale": null,
            "norm": null,
            "collectible": false,
            "billboard": false,
            "emissive": false,
            "color": [
                1.0,
                0.0,
                0.0037951183039695024
            ],
            "intense": 0.5,
            "radius": 0.0,
            "pulse": null
        },
        "13": {
            "loc": [
                120.0,
                200.0,
                136.0
            ],
            "tex": null,
            "scale": null,
            "norm": null,
            "collectible": false,
            "billboard": false,
            "emissive": false,
            "color": [
                1.0,
                0.0,
                0.0037951183039695024
            ],
            "intense": 0.5,
            "radius": 0.0,