{
    "level_id": "lab_0000",
    "player_loc": [
        -88.0,
        -1.9999847412109375,
        -65.79129028320312
    ],
    "norm": [
        0.0,
        -1.0,
        0.0
    ],
    "exit": [
        76.53346252441406,
        -1.9999847412109375,
        -148.0
    ],
    "glowsticks": 2,
    "shade_depth": 20,
    "shade_color": [
        0.0038262885063886642,
        0.024506382644176483,
        0.06779468059539795
    ],
    "ambient_color": [
        1.0,
        0.5,
        0.5,
        0.4000000059604645
    ],
    "cutline_color": [
        0.0,
        1.0,
        0.0
    ],
    "cutfill_color": [
        1.0,
        1.0,
        1.0
    ],
    "bg_color": [
        0.0038262885063886642,
        0.024506382644176483,
        0.06779468059539795
    ],
    "bg_image": "supercoolspace",
    "sprites": {
        "0": {
            "loc": [
                -160.0,
                -1.9999847412109375,
                -67.99993896484375
            ],
            "tex": "orb",
            "scale": 1.0,
            "norm": [
                0.0,
                -1.0,
                0.0
            ],
            "collectible": true,
            "billboard": true,
            "emissive": false,
            "color": null,
            "intense": null,
            "radius": null
        },
        "1": {
            "loc": [
                -160.0,
                -1.9999847412109375,
                -67.99993896484375
            ],
            "tex": "orb",
            "scale": 1.0,
            "norm": [
                0.0,
                -1.0,
                0.0
            ],
            "collectible": true,
            "billboard": true,
            "emissive": true,
            "color": null,
            "intense": null,
            "radius": null
        },
        "2": {
            "loc": [
                -88.0,
                -1.9999847412109375,
                -19.999954223632812
            ],
            "tex": "alarm",
            "scale": -1.100000262260437,
            "norm": [
                0.0,
                1.0,
                0.0
            ],
            "collectible": false,
            "billboard": true,
            "emissive": false,
            "color": null,
            "intense": null,
            "radius": null
        },
        "3": {
            "loc": [
                38.0,
                -1.9999847412109375,
                -63.99993896484375
            ],
            "tex": "lightning",
            "scale": 11.520003318786621,
            "norm": [
                0.0,
                -1.0,
                0.0
            ],
            "collectible": false,
            "billboard": true,
            "emissive": false,
            "color": null,
            "intense": null,
            "radius": null
        },
        "4": {
            "loc": [
                38.0,
                -1.5999755859375,
                -119.99993896484375
            ],
            "tex": "lightning_flip",
            "scale": 11.520003318786621,
            "norm": [
                0.0,
                1.0,
                0.0
            ],
            "collectible": false,
            "billboard": true,
            "emissive": false,
            "color": null,
            "intense": null,
            "radius": null
        },
        "5": {
            "loc": [
                -132.40005493164062,
                -1.9999847412109375,
                -29.99994659423828
            ],
            "tex": "biohazard",
            "scale": 5.000000953674316,
            "norm": [
                -1.0,
                0.0,
                0.0
            ],
            "collectible": false,
            "billboard": true,
            "emissive": true,
            "color": null,
            "intense": null,
            "radius": null
        },
        "6": {
            "loc": [
                -88.53839111328125,
                39.800018310546875,
                -36.70800018310547
            ],
            "tex": "caution",
            "scale": 5.000000953674316,
            "norm": [
                0.0,
                -1.0,
                0.0
            ],
            "collectible": false,
            "billboard": false,
            "emissive": false,
            "color": null,
            "intense": null,
            "radius": null
        },
        "7": {
            "loc": [
                119.5999984741211,
                102.0,
                -115.99993896484375
            ],
            "tex": "caution",
            "scale": 5.000000953674316,
            "norm": [
                -1.0,
                0.0,
                0.0
            ],
            "collectible": false,
            "billboard": false,
            "emissive": false,
            "color": null,
            "intense": null,
            "radius": null
        },
        "8": {
            "loc": [
                -132.4000244140625,
                26.00002098083496,
                -59.99995422363281
            ],
            "tex": "caution",
            "scale": 5.000000953674316,
            "norm": [
                -1.0,
                0.0,
                0.0
            ],
            "collectible": false,
            "billboard": false,
            "emissive": false,
            "color": null,
            "intense": null,
            "radius": null
        },
        "9": {
            "loc": [
                -88.0,
                -39.399986267089844,
                -43.99994659423828
            ],
            "tex": "biohazrd",
            "scale": 4.000000953674316,
            "norm": [
                0.0,
                1.0,
                0.0
            ],
            "collectible": false,
            "billboard": false,
            "emissive": false,
            "color": null,
            "intense": null,
            "radius": null
        },
        "10": {
            "loc": [
                -132.40005493164062,
                -1.9999847412109375,
                -29.99994659423828
            ],
            "tex": "biohazard",
            "scale": 5.000000953674316,
            "norm": [
                -1.0,
                0.0,
                0.0
            ],
            "collectible": false,
            "billboard": false,
            "emissive": true,
            "color": null,
            "intense": null,
            "radius": null
        },
        "11": {
            "loc": [
                -176.0,
                1.52587890625e-05,
                -19.999954223632812
            ],
            "tex": null,
            "scale": null,
            "norm": null,
            "collectible": false,
            "billboard": false,
            "emissive": false,
            "color": [
                0.8674519062042236,
                1.0,
                0.07272271811962128
            ],
            "intense": 0.2,
            "radius": 0.0
        },
        "12": {
            "loc": [
                164.0,
                1.52587890625e-05,
                -103.99993896484375
            ],
            "tex": null,
            "scale": null,
            "norm": null,
            "collectible": false,
            "billboard": false,
            "emissive": false,
            "color": [
                1.0,
                0.0,
                0.0037950000260025263
            ],
            "intense": 0.2,
            "radius": 0.0
        },
        "13": {
            "loc": [
                164.0,
                100.0,
                -103.99993896484375
            ],
            "tex": null,
            "scale": null,
            "norm": null,
            "collectible": false,
            "billboard": false,
            "emissive": false,
            "color": [
                1.0,
                0.0,
                0.0037951183039695024
            ],
            "intense": 0.2,
            "radius": 0.0
        },