{
    "level_id": "debug_0004",
    "player_loc": [
        -46.66217803955078,
        -10.5278902053833,
        222.3543243408203
    ],
    "norm": [
        0.0,
        -1.0,
        0.0
    ],
    "exit": [
        154.29849243164062,
        -10.662347793579102,
        221.4113006591797
    ],
    "glowsticks": 4,
    "sprites": {
        "0": {
            "loc": [
                36.15380859375,
                -10.547018051147461,
                224.42294311523438
            ],
            "tex": "orb",
            "color": [
                1.0,
                1.0,
                1.0
            ],
            "intense": 0.00011,
            "collectible": true
        },
        "1": {
            "loc": [
                105.99249267578125,
                25.376949310302734,
                381.9308166503906
            ],
            "tex": "grass",
            "color": null,
            "intense": null,
            "collectible": false
        },
        "2": {
            "loc": [
                143.12539672851562,
                25.376949310302734,
                381.9308166503906
            ],
            "tex": "grass",
            "color": null,
            "intense": null,
            "collectible": false
        },
        "3": {
            "loc": [
                178.07652282714844,
                25.4488525390625,
                375.3104553222656
            ],
            "tex": "grass",
            "color": [
                0.03311154246330261,
                1.0,
                0.0
            ],
            "intense": 0.0001,
            "collectible": false
        },
        "4": {
            "loc": [
                51.20326232910156,
                25.376949310302734,
                381.2027282714844
            ],
            "tex": "grass",
            "color": null,
            "intense": null,
            "collectible": false
        },
        "5": {
            "loc": [
                468.4372863769531,
                28.946247100830078,
                255.9022674560547
            ],
            "tex": null,
            "color": [
                0.9496692419052124,
                1.0,
                0.3634074628353119
            ],
            "intense": 1.0,
            "collectible": false
        },
        "6": {
            "loc": [
                22.512826919555664,
                22.11371612548828,
                261.3035583496094
            ],
            "tex": null,
            "color": [
                0.9496692419052124,
                1.0,
                0.3634074628353119
            ],
            "intense": 1.0,
            "collectible": false
        },
        "7": {
            "loc": [
                -27.493316650390625,
                22.11372184753418,
                398.19378662109375
            ],
            "tex": null,
            "color": [
                0.9496692419052124,
                1.0,
                0.3634074628353119
            ],
            "intense": 1.0,
            "collectible": false
        },
        "8": {
            "loc": [
                139.43492126464844,
                22.11372184753418,
                398.19378662109375
            ],
            "tex": null,
            "color": [
                0.9496692419052124,
                1.0,
                0.3634074628353119
            ],
            "intense": 1.0,
            "collectible": false
        },
        "9": {
            "loc": [
                265.30322265625,
                22.11372184753418,
                396.9717712402344
            ],
            "tex": null,
            "color": [
                0.9496692419052124,
                1.0,
                0.3634074628353119
            ],
            "intense": 1.0,
            "collectible": false
        },
        "10": {
            "loc": [
                498.9538879394531,
                22.11372184753418,
                393.0613098144531
            ],
            "tex": null,
            "color": [
                0.9496692419052124,
                1.0,
                0.3634074628353119
            ],
            "intense": 1.0,
            "collectible": false
        },
        "11": {
            "loc": [
                747.7994995117188,
                22.113719940185547,
                294.2250061035156
            ],
            "tex": null,
            "color": [
                1.0,
                0.0,
                0.003012194065377116
            ],
            "intense": 1.0,
            "collectible": false
        }
    },
    "collision_mesh": "meshes/debug/debug_0004_col.obj",
    "render_mesh": "meshes/debug/debug_0004_dec.obj",
    "triggers": {
        "0": {
            "type": "DEATH",
            "mesh": "meshes/debug/debug_0004_death_0000.obj"
        },
        "1": {
            "type": "DEATH",
            "mesh": "meshes/debug/debug_0004_death_0001.obj"
        },
        "2": {
            "type": "POPUP",
            "mesh": "meshes/debug/debug_0004_popup_0000.obj"
        },
        "3": {
            "type": "POPUP",
            "mesh": "meshes/debug/debug_0004_popup_0001.obj"
        }
    }
}