{
    "level_id": "debug_0004",
    "player_loc": [
        -46.66217803955078,
        21.488080978393555,
        369.5692138671875
    ],
    "norm": [
        0.0,
        -1.0,
        0.0
    ],
    "exit": [
        267.7839050292969,
        204.98681640625,
        372.01324462890625
    ],
    "glowsticks": 4,
    "sprites": {
        "0": {
            "loc": [
                267.1156311035156,
                150.5179443359375,
                369.393310546875
            ],
            "tex": "orb",
            "color": [
                1.0,
                1.0,
                1.0
            ],
            "intense": 0.00011,
            "collectible": true
        },
        "1": {
            "loc": [
                109.9596939086914,
                17.54599380493164,
                365.6377868652344
            ],
            "tex": "orb",
            "color": null,
            "intense": null,
            "collectible": true
        },
        "2": {
            "loc": [
                268.12744140625,
                104.82215118408203,
                367.608642578125
            ],
            "tex": "orb",
            "color": null,
            "intense": null,
            "collectible": true
        },
        "3": {
            "loc": [
                -19.676025390625,
                22.113719940185547,
                394.2747497558594
            ],
            "tex": null,
            "color": [
                0.3987882137298584,
                0.9151011109352112,
                1.0
            ],
            "intense": 1.0,
            "collectible": false
        },
        "4": {
            "loc": [
                109.02963256835938,
                22.113719940185547,
                394.2747497558594
            ],
            "tex": null,
            "color": [
                0.3987882137298584,
                0.9151011109352112,
                1.0
            ],
            "intense": 1.0,
            "collectible": false
        },
        "5": {
            "loc": [
                266.25531005859375,
                22.113719940185547,
                394.2747497558594
            ],
            "tex": null,
            "color": [
                0.3987882137298584,
                0.9151011109352112,
                1.0
            ],
            "intense": 1.0,
            "collectible": false
        }
    },
    "collision_mesh": "meshes/debug/debug_0004_col.obj",
    "render_mesh": "meshes/debug/debug_0004_dec.obj",
    "triggers": {
        "0": {
            "type": "POPUP",
            "mesh": "meshes/debug/debug_0004_popup_0000.obj"
        },
        "1": {
            "type": "POPUP",
            "mesh": "meshes/debug/debug_0004_popup_0001.obj"
        }
    }
}