{
    "level_id": "debug_0004",
    "player_loc": [
        1271.2086181640625,
        0.0,
        16.0
    ],
    "norm": [
        0.0,
        -1.0,
        0.0
    ],
    "exit": [
        145.94024658203125,
        105.52571105957031,
        109.06697082519531
    ],
    "glowsticks": 2,
    "sprites": {
        "0": {
            "loc": [
                136.3438262939453,
                105.72238159179688,
                117.6336669921875
            ],
            "tex": null,
            "color": [
                0.8674519062042236,
                1.0,
                0.07272271811962128
            ],
            "intense": 0.5,
            "collectible": false
        },
        "1": {
            "loc": [
                1527.4427490234375,
                -264.1953125,
                -45.1822509765625
            ],
            "tex": null,
            "color": [
                0.3788551390171051,
                1.0,
                0.0016544725513085723
            ],
            "intense": 1.0,
            "collectible": false
        },
        "2": {
            "loc": [
                1487.807861328125,
                -70.3792724609375,
                -45.1822509765625
            ],
            "tex": null,
            "color": [
                0.3788551390171051,
                1.0,
                0.0016544725513085723
            ],
            "intense": 1.0,
            "collectible": false
        },
        "3": {
            "loc": [
                1495.14013671875,
                122.39472961425781,
                -45.1822509765625
            ],
            "tex": null,
            "color": [
                0.3788551390171051,
                1.0,
                0.0016544725513085723
            ],
            "intense": 1.0,
            "collectible": false
        },
        "4": {
            "loc": [
                1555.539306640625,
                252.64743041992188,
                -45.1822509765625
            ],
            "tex": null,
            "color": [
                0.3788551390171051,
                1.0,
                0.0016544725513085723
            ],
            "intense": 1.0,
            "collectible": false
        },
        "5": {
            "loc": [
                1469.089599609375,
                367.2698059082031,
                -45.1822509765625
            ],
            "tex": null,
            "color": [
                0.3788551390171051,
                1.0,
                0.0016544725513085723
            ],
            "intense": 1.0,
            "collectible": false
        },
        "6": {
            "loc": [
                1672.2838134765625,
                461.0517578125,
                -45.1822509765625
            ],
            "tex": null,
            "color": [
                0.3788551390171051,
                1.0,
                0.0016544725513085723
            ],
            "intense": 1.0,
            "collectible": false
        },
        "7": {
            "loc": [
                1302.3662109375,
                497.52252197265625,
                -45.1822509765625
            ],
            "tex": null,
            "color": [
                0.3788551390171051,
                1.0,
                0.0016544725513085723
            ],
            "intense": 1.0,
            "collectible": false
        },
        "8": {
            "loc": [
                1495.1402587890625,
                -419.45654296875,
                -45.1822509765625
            ],
            "tex": null,
            "color": [
                0.3788551390171051,
                1.0,
                0.0016544725513085723
            ],
            "intense": 1.0,
            "collectible": false
        },
        "9": {
            "loc": [
                1630.60302734375,
                -461.1374206542969,
                -45.1822509765625
            ],
            "tex": null,
            "color": [
                0.3788551390171051,
                1.0,
                0.0016544725513085723
            ],
            "intense": 1.0,
            "collectible": false
        },
        "10": {
            "loc": [
                1510.7705078125,
                -627.8609008789062,
                -45.1822509765625
            ],
            "tex": null,
            "color": [
                0.3788551390171051,
                1.0,
                0.0016544725513085723
            ],
            "intense": 1.0,
            "collectible": false
        },
        "11": {
            "loc": [
                1687.9141845703125,
                -627.8609008789062,
                -45.1822509765625
            ],
            "tex": null,
            "color": [
                0.3788551390171051,
                1.0,
                0.0016544725513085723
            ],
            "intense": 1.0,
            "collectible": false
        },
        "12": {
            "loc": [
                1385.7279052734375,
                -737.273193359375,
                -45.1822509765625
            ],
            "tex": null,
            "color": [
                0.3788551390171051,
                1.0,
                0.0016544725513085723
            ],
            "intense": 1.0,
            "collectible": false
        },
        "13": {
            "loc": [
                1146.06298828125,
                -763.32373046875,
                -45.1822509765625
            ],
            "tex": null,
            "color": [
                0.3788551390171051,
                1.0,
                0.0016544725513085723
            ],
            "intense": 1.0,
            "collectible": false
        },
        "14": {
            "loc": [
                963.709228515625,
                539.203369140625,
                -45.1822509765625
            ],
            "tex": null,
            "color": [
                0.3788551390171051,
                1.0,
                0.0016544725513085723
            ],
            "intense": 1.0,
            "collectible": false
        },
        "15": {
            "loc": [
                1146.06298828125,
                612.1448974609375,
                -45.1822509765625
            ],
            "tex": null,
            "color": [
                0.3788551390171051,
                1.0,
                0.0016544725513085723
            ],
            "intense": 1.0,
            "collectible": false
        },
        "16": {
            "loc": [
                1542.03125,
                632.9853515625,
                -45.1822509765625
            ],
            "tex": null,
            "color": [
                0.3788551390171051,
                1.0,
                0.0016544725513085723
            ],
            "intense": 1.0,
            "collectible": false
        },
        "17": {
            "loc": [
                1917.1590576171875,
                731.9774169921875,
                -45.1822509765625
            ],
            "tex": null,
            "color": [
                0.3788551390171051,
                1.0,
                0.0016544725513085723
            ],
            "intense": 1.0,
            "collectible": false
        },
        "18": {
            "loc": [
                927.238525390625,
                705.9268798828125,
                -45.1822509765625
            ],
            "tex": null,
            "color": [
                0.3788551390171051,
                1.0,
                0.0016544725513085723
            ],
            "intense": 1.0,
            "collectible": false
        },
        "19": {
            "loc": [
                1486.1376953125,
                -213.3741912841797,
                -45.1822509765625
            ],
            "tex": null,
            "color": [
                0.3788551390171051,
                1.0,
                0.0016544725513085723
            ],
            "intense": 1.0,